1	base::RealSlicer	n[23,3]
2	base::RealSlicer	n[23,2]
3	base::RealSlicer	n[23,1]
4	glm::Generic	w[23,1:3]
5	base::RealSlicer	n[22,3]
6	base::RealSlicer	n[22,2]
7	base::RealSlicer	n[22,1]
8	glm::Generic	w[22,1:3]
9	base::RealSlicer	n[21,3]
10	base::RealSlicer	n[21,2]
11	base::RealSlicer	n[21,1]
12	glm::Generic	w[21,1:3]
13	base::RealSlicer	n[20,3]
14	base::RealSlicer	n[20,2]
15	base::RealSlicer	n[20,1]
16	glm::Generic	w[20,1:3]
17	base::RealSlicer	n[19,3]
18	base::RealSlicer	n[19,2]
19	base::RealSlicer	n[19,1]
20	glm::Generic	w[19,1:3]
21	base::RealSlicer	n[18,3]
22	base::RealSlicer	n[18,2]
23	base::RealSlicer	n[18,1]
24	glm::Generic	w[18,1:3]
25	base::RealSlicer	n[17,3]
26	base::RealSlicer	n[17,2]
27	base::RealSlicer	n[17,1]
28	glm::Generic	w[17,1:3]
29	base::RealSlicer	n[16,3]
30	base::RealSlicer	n[16,2]
31	base::RealSlicer	n[16,1]
32	glm::Generic	w[16,1:3]
33	base::RealSlicer	n[15,3]
34	base::RealSlicer	n[15,2]
35	base::RealSlicer	n[15,1]
36	glm::Generic	w[15,1:3]
37	base::RealSlicer	n[14,3]
38	base::RealSlicer	n[14,2]
39	base::RealSlicer	n[14,1]
40	glm::Generic	w[14,1:3]
41	base::RealSlicer	n[13,3]
42	base::RealSlicer	n[13,2]
43	base::RealSlicer	n[13,1]
44	glm::Generic	w[13,1:3]
45	base::RealSlicer	n[12,3]
46	base::RealSlicer	n[12,2]
47	base::RealSlicer	n[12,1]
48	glm::Generic	w[12,1:3]
49	base::RealSlicer	n[11,3]
50	base::RealSlicer	n[11,2]
51	base::RealSlicer	n[11,1]
52	glm::Generic	w[11,1:3]
53	base::RealSlicer	n[10,3]
54	base::RealSlicer	n[10,2]
55	base::RealSlicer	n[10,1]
56	glm::Generic	w[10,1:3]
57	base::RealSlicer	n[9,3]
58	base::RealSlicer	n[9,2]
59	base::RealSlicer	n[9,1]
60	glm::Generic	w[9,1:3]
61	base::RealSlicer	n[8,3]
62	base::RealSlicer	n[8,2]
63	base::RealSlicer	n[8,1]
64	glm::Generic	w[8,1:3]
65	base::RealSlicer	n[7,3]
66	base::RealSlicer	n[7,2]
67	base::RealSlicer	n[7,1]
68	glm::Generic	w[7,1:3]
69	base::RealSlicer	n[6,3]
70	base::RealSlicer	n[6,2]
71	base::RealSlicer	n[6,1]
72	glm::Generic	w[6,1:3]
73	base::RealSlicer	n[5,3]
74	base::RealSlicer	n[5,2]
75	base::RealSlicer	n[5,1]
76	glm::Generic	w[5,1:3]
77	base::RealSlicer	n[4,3]
78	base::RealSlicer	n[4,2]
79	base::RealSlicer	n[4,1]
80	glm::Generic	w[4,1:3]
81	base::RealSlicer	n[3,3]
82	base::RealSlicer	n[3,2]
83	base::RealSlicer	n[3,1]
84	glm::Generic	w[3,1:3]
85	base::RealSlicer	n[2,3]
86	base::RealSlicer	n[2,2]
87	base::RealSlicer	n[2,1]
88	glm::Generic	w[2,1:3]
89	base::DiscreteSlicer	n[1,3]
90	base::DiscreteSlicer	n[1,2]
91	base::DiscreteSlicer	n[1,1]
92	base::RealSlicer	beta[5]
93	base::Finite	Prob_DensDep[5]
94	base::RealSlicer	beta[4]
95	base::Finite	Prob_DensDep[4]
96	base::RealSlicer	beta[3]
97	base::Finite	Prob_DensDep[3]
98	base::RealSlicer	beta[2]
99	base::Finite	Prob_DensDep[2]
100	base::RealSlicer	beta[1]
101	base::Finite	Prob_DensDep[1]
102	base::RealSlicer	sd.delta[3]
103	base::RealSlicer	sd.delta[2]
104	base::RealSlicer	sd.delta[1]
105	glm::Generic-Gibbs	Lef_Sa_DI
105	glm::Generic-Gibbs	Lef_Ss_DI
105	glm::Generic-Gibbs	Gf
105	glm::Generic-Gibbs	F
106	bugs::ConjugateBeta	Prior_Prob_DensDep
107	glm::ScaledWishart	Tau
